
{
    "region" : "us-east-1",
    "configuration" : "Debug",
    "framework"     : "net8.0",
    "self-contained" : false,
    "application"    : "ApiProjectNew",
    "environment"    : "ApiProjectNew-dev",
    "app-path"       : "/",
    "iis-website"    : "Default Web Site",
    "enable-xray"    : false,
    "enhanced-health-type" : "basic",
    "additional-options"   : "\"aws:autoscaling:launchconfiguration,SecurityGroups\"=\"sg-0eedf8c2a20df62eb,sg-0a8e99cd29d3aa96d\";\"aws:ec2:vpc,Subnets\"=\"subnet-0085287565ecf41b8\"",
    "solution-stack"       : "64bit Windows Server 2019 v2.15.1 running IIS 10.0",
    "environment-type"     : "SingleInstance",
    "cname"                : "apiprojectnew-dev",
    "instance-type"        : "t3a.medium",
    "key-pair"             : "",
    "instance-profile"     : "aws-elasticbeanstalk-ec2-role",
    "service-role"         : "aws-elasticbeanstalk-service-role"
}